{"v":"5.4.1","fr":29.9700012207031,"ip":0,"op":120.0000048877,"w":800,"h":600,"nm":"Heart","ddd":0,"assets":[],"layers":[{"ddd":0,"ind":1,"ty":4,"nm":"Shape Layer 3","sr":1,"ks":{"o":{"a":0,"k":100,"ix":11},"r":{"a":0,"k":0,"ix":10},"p":{"a":0,"k":[475.209,380.223,0],"ix":2},"a":{"a":0,"k":[0,0,0],"ix":1},"s":{"a":0,"k":[100,100,100],"ix":6}},"ao":0,"shapes":[{"ty":"gr","it":[{"ind":0,"ty":"sh","ix":1,"ks":{"a":0,"k":{"i":[[0,0],[-32,44.5],[-24,-20.5],[-0.5,-10],[-60.5,2],[-6,-8],[10.5,-53],[12.5,-3],[0,0],[3,19.5],[0,0],[0,0],[0,0],[0,0],[9.5,-2.5],[0,0],[-18.5,-31],[-47,-23],[-17,17],[0,0]],"o":[[0,0],[30.133,-41.904],[24,20.5],[3.5,-21.5],[47,1.5],[-0.5,0.5],[-1.5,20],[-17.5,0.5],[0,0],[-4.5,21.5],[0,0],[0,0],[0,0],[0,0],[-15.5,0],[0,0],[18.5,31],[21,-12.5],[19.5,-16.5],[0,0]],"v":[[-205,-82.5],[-195.5,-187.5],[-86,-211.5],[-51,-160],[24,-223.5],[92,-183.5],[103.5,-99.5],[73.5,-68.5],[-11,-68],[-27.5,-89],[-45,-7],[-59,-127.5],[-78.5,-45],[-89.5,-94.5],[-101,-67.5],[-172,-70],[-185,-34.5],[-52,68],[25,12],[85,-52]],"c":false},"ix":2},"nm":"Path 1","mn":"ADBE Vector Shape - Group","hd":false},{"ty":"tm","s":{"a":0,"k":0,"ix":1},"e":{"a":1,"k":[{"i":{"x":[0],"y":[1]},"o":{"x":[0.333],"y":[0]},"n":["0_1_0p333_0"],"t":60,"s":[0],"e":[100]},{"t":85.000003462121}],"ix":2},"o":{"a":0,"k":0,"ix":3},"m":1,"ix":2,"nm":"Trim Paths 1","mn":"ADBE Vector Filter - Trim","hd":false},{"ty":"st","c":{"a":0,"k":[0,0.5294117647058824,0.5176470588235295,1],"ix":3},"o":{"a":0,"k":100,"ix":4},"w":{"a":0,"k":8,"ix":5},"lc":2,"lj":2,"nm":"Stroke 1","mn":"ADBE Vector Graphic - Stroke","hd":false},{"ty":"tr","p":{"a":0,"k":[0,0],"ix":2},"a":{"a":0,"k":[0,0],"ix":1},"s":{"a":0,"k":[100,100],"ix":3},"r":{"a":0,"k":0,"ix":6},"o":{"a":0,"k":100,"ix":7},"sk":{"a":0,"k":0,"ix":4},"sa":{"a":0,"k":0,"ix":5},"nm":"Transform"}],"nm":"Shape 1","np":3,"cix":2,"ix":1,"mn":"ADBE Vector Group","hd":false}],"ip":60.0000024438501,"op":120.0000048877,"st":0,"bm":0},{"ddd":0,"ind":2,"ty":4,"nm":"Shape Layer 2","sr":1,"ks":{"o":{"a":0,"k":100,"ix":11},"r":{"a":0,"k":0,"ix":10},"p":{"a":0,"k":[475.209,380.223,0],"ix":2},"a":{"a":0,"k":[0,0,0],"ix":1},"s":{"a":0,"k":[100,100,100],"ix":6}},"ao":0,"shapes":[{"ty":"gr","it":[{"ind":0,"ty":"sh","ix":1,"ks":{"a":0,"k":{"i":[[0,0],[-32,44.5],[-24,-20.5],[-0.5,-10],[-60.5,2],[-6,-8],[10.5,-53],[12.5,-3],[0,0],[3,19.5],[0,0],[0,0],[0,0],[0,0],[9.5,-2.5],[0,0],[-18.5,-31],[-47,-23],[-17,17],[0,0]],"o":[[0,0],[30.133,-41.904],[24,20.5],[3.5,-21.5],[47,1.5],[-0.5,0.5],[-1.5,20],[-17.5,0.5],[0,0],[-4.5,21.5],[0,0],[0,0],[0,0],[0,0],[-15.5,0],[0,0],[18.5,31],[21,-12.5],[19.5,-16.5],[0,0]],"v":[[-205,-82.5],[-195.5,-187.5],[-86,-211.5],[-51,-160],[24,-223.5],[92,-183.5],[103.5,-99.5],[73.5,-68.5],[-11,-68],[-27.5,-89],[-45,-7],[-59,-127.5],[-78.5,-45],[-89.5,-94.5],[-101,-67.5],[-172,-70],[-185,-34.5],[-52,68],[25,12],[85,-52]],"c":false},"ix":2},"nm":"Path 1","mn":"ADBE Vector Shape - Group","hd":false},{"ty":"tm","s":{"a":1,"k":[{"i":{"x":[0],"y":[1]},"o":{"x":[0.333],"y":[0]},"n":["0_1_0p333_0"],"t":35,"s":[0],"e":[100]},{"t":60.0000024438501}],"ix":1},"e":{"a":1,"k":[{"i":{"x":[0],"y":[1]},"o":{"x":[0.333],"y":[0]},"n":["0_1_0p333_0"],"t":30,"s":[0],"e":[100]},{"t":55.0000022401959}],"ix":2},"o":{"a":0,"k":0,"ix":3},"m":1,"ix":2,"nm":"Trim Paths 1","mn":"ADBE Vector Filter - Trim","hd":false},{"ty":"st","c":{"a":0,"k":[0,0.5294117647058824,0.5176470588235295,1],"ix":3},"o":{"a":0,"k":100,"ix":4},"w":{"a":0,"k":10,"ix":5},"lc":2,"lj":2,"nm":"Stroke 1","mn":"ADBE Vector Graphic - Stroke","hd":false},{"ty":"tr","p":{"a":0,"k":[0,0],"ix":2},"a":{"a":0,"k":[0,0],"ix":1},"s":{"a":0,"k":[100,100],"ix":3},"r":{"a":0,"k":0,"ix":6},"o":{"a":0,"k":100,"ix":7},"sk":{"a":0,"k":0,"ix":4},"sa":{"a":0,"k":0,"ix":5},"nm":"Transform"}],"nm":"Shape 1","np":3,"cix":2,"ix":1,"mn":"ADBE Vector Group","hd":false}],"ip":30.0000012219251,"op":60.0000024438501,"st":0,"bm":0},{"ddd":0,"ind":3,"ty":4,"nm":"Shape Layer 1","sr":1,"ks":{"o":{"a":0,"k":100,"ix":11},"r":{"a":0,"k":0,"ix":10},"p":{"a":0,"k":[475.209,380.223,0],"ix":2},"a":{"a":0,"k":[0,0,0],"ix":1},"s":{"a":0,"k":[100,100,100],"ix":6}},"ao":0,"shapes":[{"ty":"gr","it":[{"ind":0,"ty":"sh","ix":1,"ks":{"a":0,"k":{"i":[[0,0],[-32,44.5],[-24,-20.5],[-0.5,-10],[-60.5,2],[-6,-8],[10.5,-53],[12.5,-3],[0,0],[3,19.5],[0,0],[0,0],[0,0],[0,0],[9.5,-2.5],[0,0],[-18.5,-31],[-47,-23],[-17,17],[0,0]],"o":[[0,0],[30.133,-41.904],[24,20.5],[3.5,-21.5],[47,1.5],[-0.5,0.5],[-1.5,20],[-17.5,0.5],[0,0],[-4.5,21.5],[0,0],[0,0],[0,0],[0,0],[-15.5,0],[0,0],[18.5,31],[21,-12.5],[19.5,-16.5],[0,0]],"v":[[-205,-82.5],[-195.5,-187.5],[-86,-211.5],[-51,-160],[24,-223.5],[92,-183.5],[103.5,-99.5],[73.5,-68.5],[-11,-68],[-27.5,-89],[-45,-7],[-59,-127.5],[-78.5,-45],[-89.5,-94.5],[-101,-67.5],[-172,-70],[-185,-34.5],[-52,68],[25,12],[85,-52]],"c":false},"ix":2},"nm":"Path 1","mn":"ADBE Vector Shape - Group","hd":false},{"ty":"tm","s":{"a":1,"k":[{"i":{"x":[0],"y":[1]},"o":{"x":[0.333],"y":[0]},"n":["0_1_0p333_0"],"t":5,"s":[0],"e":[100]},{"t":30.0000012219251}],"ix":1},"e":{"a":1,"k":[{"i":{"x":[0],"y":[1]},"o":{"x":[0.333],"y":[0]},"n":["0_1_0p333_0"],"t":0,"s":[0],"e":[100]},{"t":25.0000010182709}],"ix":2},"o":{"a":0,"k":0,"ix":3},"m":1,"ix":2,"nm":"Trim Paths 1","mn":"ADBE Vector Filter - Trim","hd":false},{"ty":"st","c":{"a":0,"k":[0,0.5294117647058824,0.5176470588235295,1],"ix":3},"o":{"a":0,"k":100,"ix":4},"w":{"a":0,"k":10,"ix":5},"lc":2,"lj":2,"nm":"Stroke 1","mn":"ADBE Vector Graphic - Stroke","hd":false},{"ty":"tr","p":{"a":0,"k":[0,0],"ix":2},"a":{"a":0,"k":[0,0],"ix":1},"s":{"a":0,"k":[100,100],"ix":3},"r":{"a":0,"k":0,"ix":6},"o":{"a":0,"k":100,"ix":7},"sk":{"a":0,"k":0,"ix":4},"sa":{"a":0,"k":0,"ix":5},"nm":"Transform"}],"nm":"Shape 1","np":3,"cix":2,"ix":1,"mn":"ADBE Vector Group","hd":false}],"ip":0,"op":30.0000012219251,"st":0,"bm":0}],"markers":[]}